<?xml version="1.0" encoding="UTF-8"?>
<root>
  <item name="com.heaven7.android.dragflowlayout.DragFlowLayout int getDragState()">
    <annotation name="androidx.annotation.IntDef">
      <val name="value" val="{com.heaven7.android.dragflowlayout.DragFlowLayout.DRAG_STATE_IDLE, com.heaven7.android.dragflowlayout.DragFlowLayout.DRAG_STATE_DRAGGING, com.heaven7.android.dragflowlayout.DragFlowLayout.DRAG_STATE_DRAGGABLE}" />
    </annotation>
  </item>
  <item name="com.heaven7.android.dragflowlayout.DragFlowLayout mDragState">
    <annotation name="androidx.annotation.IntDef">
      <val name="value" val="{com.heaven7.android.dragflowlayout.DragFlowLayout.DRAG_STATE_IDLE, com.heaven7.android.dragflowlayout.DragFlowLayout.DRAG_STATE_DRAGGING, com.heaven7.android.dragflowlayout.DragFlowLayout.DRAG_STATE_DRAGGABLE}" />
    </annotation>
  </item>
  <item name="com.heaven7.android.dragflowlayout.DragFlowLayout void beginDragInternal(int) 0">
    <annotation name="androidx.annotation.IntDef">
      <val name="value" val="{com.heaven7.android.dragflowlayout.DragFlowLayout.DRAG_STATE_IDLE, com.heaven7.android.dragflowlayout.DragFlowLayout.DRAG_STATE_DRAGGING, com.heaven7.android.dragflowlayout.DragFlowLayout.DRAG_STATE_DRAGGABLE}" />
    </annotation>
  </item>
  <item name="com.heaven7.android.dragflowlayout.DragFlowLayout void setDragState(int, boolean) 0">
    <annotation name="androidx.annotation.IntDef">
      <val name="value" val="{com.heaven7.android.dragflowlayout.DragFlowLayout.DRAG_STATE_IDLE, com.heaven7.android.dragflowlayout.DragFlowLayout.DRAG_STATE_DRAGGING, com.heaven7.android.dragflowlayout.DragFlowLayout.DRAG_STATE_DRAGGABLE}" />
    </annotation>
  </item>
  <item name="com.heaven7.android.dragflowlayout.DragFlowLayout.DragState">
    <annotation name="androidx.annotation.IntDef">
      <val name="value" val="{com.heaven7.android.dragflowlayout.DragFlowLayout.DRAG_STATE_IDLE, com.heaven7.android.dragflowlayout.DragFlowLayout.DRAG_STATE_DRAGGING, com.heaven7.android.dragflowlayout.DragFlowLayout.DRAG_STATE_DRAGGABLE}" />
    </annotation>
  </item>
</root>

