<?xml version="1.0" encoding="UTF-8"?>
<root>
  <item name="com.yalantis2.ucrop.UCrop.Options void setAllowedGestures(int, int, int) 0">
    <annotation name="androidx.annotation.IntDef">
      <val name="value" val="{com.yalantis2.ucrop.UCropActivity.NONE, com.yalantis2.ucrop.UCropActivity.SCALE, com.yalantis2.ucrop.UCropActivity.ROTATE, com.yalantis2.ucrop.UCropActivity.ALL}" />
    </annotation>
  </item>
  <item name="com.yalantis2.ucrop.UCrop.Options void setAllowedGestures(int, int, int) 1">
    <annotation name="androidx.annotation.IntDef">
      <val name="value" val="{com.yalantis2.ucrop.UCropActivity.NONE, com.yalantis2.ucrop.UCropActivity.SCALE, com.yalantis2.ucrop.UCropActivity.ROTATE, com.yalantis2.ucrop.UCropActivity.ALL}" />
    </annotation>
  </item>
  <item name="com.yalantis2.ucrop.UCrop.Options void setAllowedGestures(int, int, int) 2">
    <annotation name="androidx.annotation.IntDef">
      <val name="value" val="{com.yalantis2.ucrop.UCropActivity.NONE, com.yalantis2.ucrop.UCropActivity.SCALE, com.yalantis2.ucrop.UCropActivity.ROTATE, com.yalantis2.ucrop.UCropActivity.ALL}" />
    </annotation>
  </item>
  <item name="com.yalantis2.ucrop.UCropActivity.GestureTypes">
    <annotation name="androidx.annotation.IntDef">
      <val name="value" val="{com.yalantis2.ucrop.UCropActivity.NONE, com.yalantis2.ucrop.UCropActivity.SCALE, com.yalantis2.ucrop.UCropActivity.ROTATE, com.yalantis2.ucrop.UCropActivity.ALL}" />
    </annotation>
  </item>
</root>

